Site ID, Site Name,Street Address,City,State
MLO-251,MLO Los Angeles Distribution Center,15541 East Gale,City of Industry,CA
ME-028,Danbury Fair,7 Backus Avenue,Danbury,CT
ME-598,MCY Castleton Square,6020 East 82nd Street,Indianapolis,IN
ME-023,MCY Tysons Corner Center,8000 Tysons Corner Center,McLean,VA
ME-481,MCY Downey Stonewood Center,400 Stonewood Street,Downey,CA
BLM-011,Chestnut Hills,225 Boylston Street,Chestnut Hill,MA
MLO-019,MLO Stone Mountain Distribution Center,4401 Sarr Parkway,Stone Mountain,GA
ME-065,Quaker Bridge,3320 US Highway 1 Unit 400,Lawrence Township,NJ
ME-232,MCY Ridgedale,12411 Wayzata Blvd,Minnetonka,MN
ME-730,Lenox Square,3393 Peachtree Road NE Suite 8480,Atlanta,GA
ME-484,MCY Montebello Town Center,1900 Montebello Town Center,Montebello,CA
ME-484B,,1700 Montebello Town Center,Montebello,CA
ME-036,South Shore Plaza (MA),250 Granite Street,Braintree,MA
ME-407,Arden Fair,1701 Arden Way,Sacramento,CA
ME-095,Fashion Ctr At Pentagon City,1000 South Hayes Street,Arlington,VA
ME-667,Stonebriar Centre (TX),3609 Preston Road,Frisco,TX
BLM-012,White Plains,175 Bloomingdale Road,White Plains,NY
ME-185,Flushing (NY),13650 Roosevelt Ave,Flushing,NY
ME-361,Monterey Del Monte Center,100 Del Monte Center,Monterey,CA
ME-770,MCY Miami International,1405 Northwest 107th Avenue,Doral,FL
ME-676,Parks At Arlington,3841 South Cooper Street,Arlington,TX
BLM-029,Sherman Oaks,14060 Riverside Drive,Sherman Oaks,CA
ME-054,Willow Grove Park,2500 West Moreland Road,Willow Grove,PA
ME-433,Southcenter (WA),500 Southcenter Mall,Tukwila,WA
ME-731,MCY Perimeter,4300 Ashford Dunwoody Rd NE Suite 380,Atlanta,GA
ME-687,MCY Galleria Houston At Hildago,5135 W Alabama St,Houston,TX
BLM-005,Hackensack,400 Hackensack Avenue,Hackensack,NJ
ME-090,King Of Prussia (The Court),680 West Dekalb Pike,King of Prussia,PA
ME-261,Orland Square,1 Orland Square Dr,Orland Park,IL
ME-742,Northpoint Furniture,7231 Northpoint Parkway,Alpharetta,GA
ME-716A,MCY Woodlands (TX),1201 Lake Woodlands Drive,The Woodlands,TX
ME-716B,Woodlands Home Store,1313 Lake Woodlands Rd,The Woodlands,TX
BLM-008,Chicago North,900 North Michigan Avenue,Chicago,IL
MLO-124,Raritan DC,401 Clearview Road,Edison,NJ
ME-056,South Shore,1653 Sunrise Highway,Bay Shore,NY
ME-290,Gurnee Mills,6124 W. Grand Ave,Gurnee,IL
ME-771,MCY Pembroke Lakes,11605 Pines Boulevard,Pembroke Pines,FL
ME-775,Pembroke Furniture,13640 Pines Boulevard,Pembroke Pines,FL
ME-532,Las Vegas Fashion Show ,3200 Las Vegas Boulevard S,Las Vegas,NV
ME-206,Palisades Center,1920 Palisades Center Drive,West Nyack,NY
ME-233,Rosedale Center,900 Rosedale Center,Roseville,MN
ME-632,MCY The Mall At Robinson,3000 Robinson Center Dr,Pittsburgh,PA
ME-491,Northridge Fashion Center,9301 Tampa Avenue,Northridge,CA
ME-074,Christiana,501 Christiana Mall,Christiana,DE
ME-572,MCY Summit (OH),3265 West Market Street,Fair Lawn,OH
ME-831,Countryside,27001 US Highway 19 N,Clearwater,FL
ME-842,Countryside Furniture,26256 U.S. Highway 19 North,Clearwater,FL
ME-486,MCY Montclair Plaza,5000 Montclair Plaza Lane,Montclair,CA
ME-116,Connecticut Post,1201 Boston Post Road,Milford,CT
ME-369,MCY River Park (CA),7890 N Blackstone Ave,Fresno,CA
ME-757,MCY Boca Raton Town Center,5700 Glades Rd,Boca Raton,FL
ME-767,Boca Raton Furniture,9339 Glades Road,Boca Raton,FL
ME-548,MCY Plaza Bonita,3000 Plaza Bonita Road,National City,CA
ME-083,Colonie Center,200 Colonie Center,Albany,NY
ME-610,Oak Park (KS),11201 West 95th Street,Overland Park,KS
ME-011,Fair Oaks,11901 Fair Oaks Shopping Center,Fairfax,VA
ME-516,Fox Hills (CA),6200 W Slauson Ave,Culver City,CA
ME-082,Bay Plaza,250 Baychester Ave,Bronx,NY
ME-359,Fresno Fashion Fair,4888 North Fresno Street,Fresno,CA
ME-359B,MCY Fresno Mens,655 East Shaw Avenue,Fresno,CA
ME-620,MCY Ross Park,1004 Ross Park Mall Dr,Pittsburgh,PA
ME-631,Ross Park Furniture,1014 Ross Park Mall Dr,Pittsburgh,PA
ME-495,Bakersfield Valley Plaza,2601 Ming Avenue,Bakersfield,CA
ME-155,MCY Roosevelt (PA),2399 Cottman Avenue,Philadelphia,PA
ME-231,MCY Southdale Center (Edina),100 Southdale Center,Edina,MN
ME-760,The Gardens (FL),3107 PGA Boulevard,Palm Beach Gardens,FL
ME-453,Chandler Fashion Center,3107 West Chandler Boulevard,Chandler,AZ
ME-034A,Northshore (MA),210 Andover Street Route 114,Peabody,MA
ME-323A,Concord Sun Valley,341 Sun Valley Mall,Concord,CA
ME-323B,Concord Sun Valley Mens,410 Sun Valley Mall,Concord,CA
ME-091A,White Marsh,8200 Perry Hall Boulevard,Baltimore,MD
ME-558,Shops at Summerlin,2075 Festival Plaza Drive,Las Vegas,NV
ME-147,MCY Walden Galleria,4 Walden Galleria,Cheektowaga,NY
ME-435,Columbia Center (WA),1321 N Columbia Center Blvd Ste 400,Kennewick,WA
ME-166,MCY Short Pump Town Center,11872 West Broad Street,Richmond,VA
ME-702,MCY North Star,7400 San Pedro Avenue Suite 200,San Antonio,TX
ME-089,Springfield (PA),1250 Baltimore Pke,Springfield,PA
ME-599,MCY Glenbrook Square,4201 Coldwater Road,Fort Wayne,IN
ME-798,MCY Cool Springs Galleria,1790 Galleria Boulevard,Franklin,TN
ME-533,Victoria Gardens (CA),7855 Kew Avenue Victoria Gardens Mall,Rancho Cucamonga,CA
ME-533B,MCY Victoria Gardens Men - Furniture,12501 South Main Street,Rancho Cucamonga,CA
ME-202,MCY Poughkeepsie Galleria,2001 South Road,Poughkeepsie,NY
ME-215,MCY State Street,111 North State Street,Chicago,IL
ME-621,MCY South Hills Village,100 South Hills Village,Pittsburgh,PA
ME-630,MCY South Hills Furniture,100 South Hills Village,Pittsburgh,PA
ME-485,MCY West Covina,1111 Plaza Drive,West Covina,CA